GROUP,PACKAGE,CLASS,INSTRUCTION_MISSED,INSTRUCTION_COVERED,BRANCH_MISSED,BRANCH_COVERED,LINE_MISSED,LINE_COVERED,COMPLEXITY_MISSED,COMPLEXITY_COVERED,METHOD_MISSED,METHOD_COVERED
Ike Terms,network.ike.foundation.ike.terms,Ike,0,28,0,0,0,9,0,1,0,1
Ike Terms,network.ike.foundation.ike.terms,ConceptSet,0,54,0,0,0,14,0,1,0,1
Ike Terms,network.ike.foundation.ike.terms,PatternShapeRefinementSet,0,737,0,0,0,130,0,1,0,1
Ike Terms,network.ike.foundation.ike.terms,LegacyTerminologySet,0,20,0,0,0,6,0,1,0,1
Ike Terms,network.ike.foundation.ike.terms,IkeTerm,0,1343,0,0,0,262,0,1,0,1
Ike Terms,network.ike.foundation.ike.terms,ModelOrganizationSet,0,380,0,0,0,86,0,1,0,1
Ike Terms,network.ike.foundation.ike.terms,ConstraintPatternSet,0,1249,0,0,0,212,0,1,0,1
Ike Terms,network.ike.foundation.ike.terms,DefinitionCompletionSet,0,411,0,0,0,104,0,1,0,1
Ike Terms,network.ike.foundation.ike.terms,IkeSource,0,27,0,0,0,14,0,2,0,2
Ike Terms,network.ike.foundation.ike.terms,DefaultsAndTemplatesSet,0,148,0,0,0,30,0,1,0,1
Ike Terms,network.ike.foundation.ike.terms,DataTypeDefaultsSet,0,738,0,0,0,125,0,1,0,1
Ike Terms,network.ike.foundation.ike.terms,NarrativeContentSet,0,766,0,0,0,107,0,2,0,2
Ike Terms,network.ike.foundation.ike.terms,AssemblageTerminologySet,0,40,0,0,0,9,0,1,0,1
Ike Terms,network.ike.foundation.ike.terms.foundation,Section4,0,221,0,0,0,12,0,2,0,2
Ike Terms,network.ike.foundation.ike.terms.foundation,Section5,0,224,0,0,0,12,0,2,0,2
Ike Terms,network.ike.foundation.ike.terms.foundation,Section6,0,2437,0,0,0,112,0,12,0,12
Ike Terms,network.ike.foundation.ike.terms.foundation,Section7,0,221,0,0,0,12,0,2,0,2
Ike Terms,network.ike.foundation.ike.terms.foundation,Section8,0,227,0,0,0,12,0,2,0,2
Ike Terms,network.ike.foundation.ike.terms.foundation,Section38,0,657,0,0,0,32,0,4,0,4
Ike Terms,network.ike.foundation.ike.terms.foundation,Section9,0,881,0,0,0,42,0,5,0,5
Ike Terms,network.ike.foundation.ike.terms.foundation,Section37,0,227,0,0,0,12,0,2,0,2
Ike Terms,network.ike.foundation.ike.terms.foundation,Section39,0,673,0,0,0,32,0,4,0,4
Ike Terms,network.ike.foundation.ike.terms.foundation,Section1,0,224,0,0,0,12,0,2,0,2
Ike Terms,network.ike.foundation.ike.terms.foundation,Section2,0,3557,0,0,0,162,0,17,0,17
Ike Terms,network.ike.foundation.ike.terms.foundation,Section3,0,5892,0,0,0,272,0,28,0,28
Ike Terms,network.ike.foundation.ike.terms.foundation,Section70,0,4775,0,0,0,218,0,51,0,51
Ike Terms,network.ike.foundation.ike.terms.foundation,Section71,0,4664,0,0,0,224,0,12,0,12
Ike Terms,network.ike.foundation.ike.terms.foundation,Section34,0,227,0,0,0,12,0,2,0,2
Ike Terms,network.ike.foundation.ike.terms.foundation,Section33,0,675,0,0,0,32,0,4,0,4
Ike Terms,network.ike.foundation.ike.terms.foundation,Section36,0,660,0,0,0,32,0,4,0,4
Ike Terms,network.ike.foundation.ike.terms.foundation,Section35,0,875,0,0,0,42,0,5,0,5
Ike Terms,network.ike.foundation.ike.terms.foundation,Section30,0,1096,0,0,0,52,0,6,0,6
Ike Terms,network.ike.foundation.ike.terms.foundation,Section32,0,224,0,0,0,12,0,2,0,2
Ike Terms,network.ike.foundation.ike.terms.foundation,Section31,0,2882,0,0,0,132,0,14,0,14
Ike Terms,network.ike.foundation.ike.terms.foundation,Section49,0,224,0,0,0,12,0,2,0,2
Ike Terms,network.ike.foundation.ike.terms.foundation,Section48,0,224,0,0,0,12,0,2,0,2
Ike Terms,network.ike.foundation.ike.terms.foundation,Section45,0,1103,0,0,0,52,0,6,0,6
Ike Terms,network.ike.foundation.ike.terms.foundation,FoundationSet,0,143,0,0,0,72,0,1,0,1
Ike Terms,network.ike.foundation.ike.terms.foundation,Section44,0,221,0,0,0,12,0,2,0,2
Ike Terms,network.ike.foundation.ike.terms.foundation,Section47,0,660,0,0,0,32,0,4,0,4
Ike Terms,network.ike.foundation.ike.terms.foundation,Section46,0,672,0,0,0,32,0,4,0,4
Ike Terms,network.ike.foundation.ike.terms.foundation,Section41,0,9620,0,0,0,442,0,45,0,45
Ike Terms,network.ike.foundation.ike.terms.foundation,Section40,0,669,0,0,0,32,0,4,0,4
Ike Terms,network.ike.foundation.ike.terms.foundation,Section43,0,224,0,0,0,12,0,2,0,2
Ike Terms,network.ike.foundation.ike.terms.foundation,Section42,0,2631,0,0,0,122,0,13,0,13
Ike Terms,network.ike.foundation.ike.terms.foundation,Section19,0,4363,0,0,0,202,0,21,0,21
Ike Terms,network.ike.foundation.ike.terms.foundation,Section16,0,1320,0,0,0,62,0,7,0,7
Ike Terms,network.ike.foundation.ike.terms.foundation,Section59,0,221,0,0,0,12,0,2,0,2
Ike Terms,network.ike.foundation.ike.terms.foundation,Section15,0,227,0,0,0,12,0,2,0,2
Ike Terms,network.ike.foundation.ike.terms.foundation,Section18,0,4416,0,0,0,202,0,21,0,21
Ike Terms,network.ike.foundation.ike.terms.foundation,Section17,0,221,0,0,0,12,0,2,0,2
Ike Terms,network.ike.foundation.ike.terms.foundation,Section50,0,224,0,0,0,12,0,2,0,2
Ike Terms,network.ike.foundation.ike.terms.foundation,Section12,0,439,0,0,0,22,0,3,0,3
Ike Terms,network.ike.foundation.ike.terms.foundation,Section56,0,1102,0,0,0,52,0,6,0,6
Ike Terms,network.ike.foundation.ike.terms.foundation,Section55,0,221,0,0,0,12,0,2,0,2
Ike Terms,network.ike.foundation.ike.terms.foundation,Section11,0,221,0,0,0,12,0,2,0,2
Ike Terms,network.ike.foundation.ike.terms.foundation,Section58,0,224,0,0,0,12,0,2,0,2
Ike Terms,network.ike.foundation.ike.terms.foundation,Section14,0,1765,0,0,0,82,0,9,0,9
Ike Terms,network.ike.foundation.ike.terms.foundation,Section57,0,224,0,0,0,12,0,2,0,2
Ike Terms,network.ike.foundation.ike.terms.foundation,Section13,0,660,0,0,0,32,0,4,0,4
Ike Terms,network.ike.foundation.ike.terms.foundation,Section52,0,237,0,0,0,12,0,2,0,2
Ike Terms,network.ike.foundation.ike.terms.foundation,Section51,0,227,0,0,0,12,0,2,0,2
Ike Terms,network.ike.foundation.ike.terms.foundation,Section10,0,3564,0,0,0,163,0,17,0,17
Ike Terms,network.ike.foundation.ike.terms.foundation,Section54,0,233,0,0,0,12,0,2,0,2
Ike Terms,network.ike.foundation.ike.terms.foundation,Section53,0,227,0,0,0,12,0,2,0,2
Ike Terms,network.ike.foundation.ike.terms.foundation,Section27,0,887,0,0,0,42,0,5,0,5
Ike Terms,network.ike.foundation.ike.terms.foundation,Section26,0,1210,0,0,0,59,0,6,0,6
Ike Terms,network.ike.foundation.ike.terms.foundation,Section29,0,224,0,0,0,12,0,2,0,2
Ike Terms,network.ike.foundation.ike.terms.foundation,Section28,0,217,0,0,0,12,0,2,0,2
Ike Terms,network.ike.foundation.ike.terms.foundation,Section61,0,445,0,0,0,22,0,3,0,3
Ike Terms,network.ike.foundation.ike.terms.foundation,Section60,0,663,0,0,0,32,0,4,0,4
Ike Terms,network.ike.foundation.ike.terms.foundation,Section67,0,889,0,0,0,42,0,5,0,5
Ike Terms,network.ike.foundation.ike.terms.foundation,Section23,0,660,0,0,0,32,0,4,0,4
Ike Terms,network.ike.foundation.ike.terms.foundation,Section22,0,669,0,0,0,32,0,4,0,4
Ike Terms,network.ike.foundation.ike.terms.foundation,Section66,0,445,0,0,0,22,0,3,0,3
Ike Terms,network.ike.foundation.ike.terms.foundation,Section25,0,227,0,0,0,12,0,2,0,2
Ike Terms,network.ike.foundation.ike.terms.foundation,Section69,0,227,0,0,0,12,0,2,0,2
Ike Terms,network.ike.foundation.ike.terms.foundation,Section24,0,1102,0,0,0,52,0,6,0,6
Ike Terms,network.ike.foundation.ike.terms.foundation,Section68,0,227,0,0,0,12,0,2,0,2
Ike Terms,network.ike.foundation.ike.terms.foundation,Section63,0,224,0,0,0,12,0,2,0,2
Ike Terms,network.ike.foundation.ike.terms.foundation,Section62,0,221,0,0,0,12,0,2,0,2
Ike Terms,network.ike.foundation.ike.terms.foundation,Section65,0,217,0,0,0,12,0,2,0,2
Ike Terms,network.ike.foundation.ike.terms.foundation,Section21,0,459,0,0,0,22,0,3,0,3
Ike Terms,network.ike.foundation.ike.terms.foundation,Section20,0,1096,0,0,0,52,0,6,0,6
Ike Terms,network.ike.foundation.ike.terms.foundation,Section64,0,1320,0,0,0,62,0,7,0,7
